Product_ID,Product_Name,Category,Unit_Price,Supplier_ID
P001,Product 001,Beauty,604.22,S003
P002,Product 002,Kitchen,428.22,S012
P003,Product 003,Sports,512.19,S002
P004,Product 004,Beauty,690.38,S013
P005,Product 005,Electronics,574.17,S013
P006,Product 006,Sports,501.79,S002
P007,Product 007,Beauty,506.81,S016
P008,Product 008,Beauty,279.12,S009
P009,Product 009,Electronics,35.49,S016
P010,Product 010,Kitchen,397.55,S001
P011,Product 011,Home,199.41,S004
P012,Product 012,Sports,372.41,S010
P013,Product 013,Books,769.24,S004
P014,Product 014,Sports,216.67,S007
P015,Product 015,Kitchen,60.01,S014
P016,Product 016,Home,258.99,S003
P017,Product 017,Books,269.89,S014
P018,Product 018,Electronics,598.43,S003
P019,Product 019,Sports,504.87,S004
P020,Product 020,Books,707.24,S012
P021,Product 021,Beauty,600.57,S016
P022,Product 022,Home,370.5,S004
P023,Product 023,Sports,734.11,S006
P024,Product 024,Sports,156.94,S019
P025,Product 025,Beauty,28.26,S020
P026,Product 026,Electronics,88.32,S012
P027,Product 027,Kitchen,652.34,S009
P028,Product 028,Electronics,419.99,S007
P029,Product 029,Electronics,151.85,S013
P030,Product 030,Beauty,454.93,S012
P031,Product 031,Beauty,143.86,S006
P032,Product 032,Sports,629.12,S001
P033,Product 033,Home,405.97,S004
P034,Product 034,Home,347.87,S020
P035,Product 035,Kitchen,276.95,S009
P036,Product 036,Electronics,570.21,S010
P037,Product 037,Electronics,330.74,S010
P038,Product 038,Kitchen,86.18,S016
P039,Product 039,Home,113.26,S002
P040,Product 040,Books,866.01,S002
P041,Product 041,Kitchen,818.45,S006
P042,Product 042,Sports,632.14,S010
P043,Product 043,Beauty,245.16,S014
P044,Product 044,Home,872.51,S010
P045,Product 045,Sports,702.65,S009
P046,Product 046,Sports,647.47,S019
P047,Product 047,Kitchen,408.83,S004
P048,Product 048,Home,250.84,S012
P049,Product 049,Beauty,93.98,S011
P050,Product 050,Electronics,813.12,S010
P051,Product 051,Electronics,414.55,S017
P052,Product 052,Electronics,188.51,S006
P053,Product 053,Beauty,280.91,S020
P054,Product 054,Books,524.66,S007
P055,Product 055,Beauty,165.68,S011
P056,Product 056,Beauty,772.1,S011
P057,Product 057,Kitchen,684.6,S017
P058,Product 058,Books,649.76,S009
P059,Product 059,Electronics,393.43,S006
P060,Product 060,Electronics,567.56,S001
